{"count":22,"results":[{"id":3,"type":"challenge","location":"c471f0780fdc11a562517a42f500e83b/libc.so.6","challenge_id":3,"page_id":null},{"id":7,"type":"challenge","location":"e49e9b16cb7fe399b46eac704897344b/code.txt","challenge_id":7,"page_id":null},{"id":8,"type":"challenge","location":"c7446753e4885e804b115bb5e4c10e02/ciphertext.txt","challenge_id":9,"page_id":null},{"id":11,"type":"challenge","location":"010e635883818949694d346547fba479/libc.so.6","challenge_id":15,"page_id":null},{"id":13,"type":"challenge","location":"71a23dd1bd2a377f5b6b7670b54ae7ae/base64.txt","challenge_id":16,"page_id":null},{"id":14,"type":"challenge","location":"594f67add1bcb15779ce0b9586cd5423/task.log","challenge_id":17,"page_id":null},{"id":15,"type":"challenge","location":"43a3f6718573f592c255d5d1ad47682a/task.py","challenge_id":17,"page_id":null},{"id":17,"type":"challenge","location":"4c29ca79711558a4498d695e4ad19092/task.py","challenge_id":9,"page_id":null},{"id":21,"type":"standard","location":"d8933d3949c0465e64d8c3a75d9e94bf/anonymous-avatar.jpeg","challenge_id":null,"page_id":null},{"id":23,"type":"challenge","location":"f95db69ee75f1ff2a27ec800e7a52306/libc.so.6","challenge_id":23,"page_id":null},{"id":26,"type":"challenge","location":"bad8a2da737b9d1d758299d243b63829/libc.so.6","challenge_id":26,"page_id":null},{"id":27,"type":"challenge","location":"f99348c6330f5ff14eaf7a75d780fc13/note","challenge_id":26,"page_id":null},{"id":29,"type":"challenge","location":"1fc8e835522b429de251da104e1608e7/task.apk","challenge_id":21,"page_id":null},{"id":31,"type":"challenge","location":"d80450f8751cd6a1d75a8251f7021e8c/breakdown","challenge_id":14,"page_id":null},{"id":32,"type":"challenge","location":"449818d7441a9b3c1e6955e1ddb93e13/rcrc","challenge_id":6,"page_id":null},{"id":33,"type":"challenge","location":"ee9e9466aacb3089c51c2d6d61977783/savetime","challenge_id":5,"page_id":null},{"id":34,"type":"challenge","location":"d203f0a370a732a4e8c54e219536f47a/easyvm","challenge_id":4,"page_id":null},{"id":35,"type":"challenge","location":"7e71e50c02afce97e84829f70a0100ce/leaky","challenge_id":3,"page_id":null},{"id":36,"type":"challenge","location":"0e1f63ef4c890cc7bb5e4cc1582cae73/macbook","challenge_id":15,"page_id":null},{"id":37,"type":"challenge","location":"22829c0e18ecb61edfa7acfdf3a5d05a/shortest","challenge_id":2,"page_id":null},{"id":38,"type":"challenge","location":"1481a4038bf1d98219e48dd7388c8163/books","challenge_id":23,"page_id":null},{"id":39,"type":"challenge","location":"199a616b6f3eaac7144788193ecf5c03/flag_in_here.rar","challenge_id":22,"page_id":null}],"meta":{}}