{"count":31,"results":[{"id":1,"challenge_id":1,"type":"static","content":"zjgsuctf{b4sic_c0mput3r_kn0l3dge~}","data":""},{"id":2,"challenge_id":2,"type":"static","content":"zjgsuctf{y3s_u_r_thE_short3sT_m3N!!!}","data":""},{"id":3,"challenge_id":3,"type":"static","content":"zjgsuctf{r3meM63r_le4k1ng_libc_ev3ryt1me~}","data":""},{"id":4,"challenge_id":4,"type":"static","content":"zjgsuctf{vMfUn!}","data":""},{"id":5,"challenge_id":5,"type":"static","content":"zjgsuctf{time_p4ss3d_bY~~~}","data":""},{"id":6,"challenge_id":6,"type":"static","content":"zjgsuctf{1t_533m5_th4t_y0u_h4v3_41r34dY_m3t_rC2}","data":""},{"id":7,"challenge_id":7,"type":"static","content":"zjgsuctf{this_is_scan_c0d3}","data":"case_insensitive"},{"id":8,"challenge_id":9,"type":"static","content":"zjgsuctf{d3s_c4n_brUtef0rce!!!!}","data":""},{"id":9,"challenge_id":13,"type":"static","content":"zjgsuctf{$hoW_m3_t#e_r3t_c0d3_&_w0W!}","data":""},{"id":10,"challenge_id":14,"type":"static","content":"zjgsuctf{733721}","data":""},{"id":11,"challenge_id":15,"type":"static","content":"zjgsuctf{m0re_th4n_h0u53_0f_0rang3_23333}","data":""},{"id":12,"challenge_id":16,"type":"static","content":"zjgsuctf{base64_c4n_6e_H4rd}","data":""},{"id":13,"challenge_id":17,"type":"static","content":"zjgsuctf{festel_weak_233_int3rest1nggggggg}","data":""},{"id":14,"challenge_id":18,"type":"static","content":"ZJGSUCTF{T2eeeeeee3_&wh4le_aka_d0cker}","data":"case_insensitive"},{"id":15,"challenge_id":19,"type":"static","content":"ZJGSU{d2VsY29tZSB0byB32WI==}","data":""},{"id":16,"challenge_id":20,"type":"static","content":"ZJGSUCTF{aWtub3dyb2JvdHMudHh0}","data":""},{"id":17,"challenge_id":21,"type":"static","content":"zjgsuctf{bl0wf15h_bl0ws_y0U_4way~~~}","data":""},{"id":18,"challenge_id":22,"type":"static","content":"flag{if_you_can_find_this,you_are_pretty_good}","data":""},{"id":19,"challenge_id":23,"type":"static","content":"zjgsuctf{4lway5_foll0w1ng_w1th_n3w_t3chs}","data":""},{"id":20,"challenge_id":26,"type":"static","content":"zjgsuctf{sp1riT_0f_n132~~~}","data":""},{"id":21,"challenge_id":7,"type":"static","content":"zjgsuctf{this-is-scan-c0d3}","data":"case_insensitive"},{"id":22,"challenge_id":27,"type":"static","content":"ZJGSUCTF{Do_you_really_know_RFI?}","data":""},{"id":23,"challenge_id":28,"type":"static","content":"ZJGSUCTF{ZSU}","data":"case_insensitive"},{"id":24,"challenge_id":29,"type":"static","content":"flag{n1ce_G0OOOOOOod}","data":""},{"id":25,"challenge_id":30,"type":"static","content":"ZJGSUCTF{dO_Y0u_likE_sTg}","data":""},{"id":26,"challenge_id":31,"type":"static","content":"zjgsuctf{3asy_m0ney_fr0m_ssRf_233333}","data":""},{"id":27,"challenge_id":32,"type":"static","content":"flag{ccd234c9-c022-4ce3-8a62-e56374e3324f}","data":""},{"id":28,"challenge_id":30,"type":"static","content":"ZJGSUCTF{d0_Y0u_likE_sTg}","data":""},{"id":29,"challenge_id":30,"type":"static","content":"ZJGSUCTF{d0_YOu_likE_sTg}","data":""},{"id":30,"challenge_id":30,"type":"static","content":"ZJGSUCTF{dO_YOu_likE_sTg}","data":""},{"id":31,"challenge_id":33,"type":"static","content":"ZJGSUCTF{w3lc0m3_n3xT_t1me!!!!!}","data":""}],"meta":{}}