{"count":12,"results":[{"id":1,"type":"standard","challenge_id":16,"content":"Base64 Steganography","cost":0,"requirements":null},{"id":2,"type":"standard","challenge_id":27,"content":"PHP\u4f2a\u534f\u8bae","cost":0,"requirements":null},{"id":3,"type":"standard","challenge_id":19,"content":"\u63d0\u793a\u7684php\u6587\u4ef6\u540d\u901a\u8fc7\u4e24\u5c42\u7f16\u7801","cost":0,"requirements":null},{"id":4,"type":"standard","challenge_id":19,"content":"\u6ce8\u610f\u767b\u9646\u540e\u7684cookie\u503c\r\n\u6b63\u786e\u8bbf\u95ee\u5230\u91ccphp\u9700\u8981\u8be5cookie\r\n","cost":0,"requirements":null},{"id":5,"type":"standard","challenge_id":6,"content":"IDA is your friend.","cost":0,"requirements":null},{"id":6,"type":"standard","challenge_id":9,"content":"Are you familiar with Key schedule in DES? Each round the key (which is **56 bits**) generates a **Subkey** (which is **48 bits**). So Brute-force is possible, right?","cost":0,"requirements":null},{"id":7,"type":"standard","challenge_id":21,"content":"eznative\u65b0\u589ehint\uff1a<a href=\"https://github.com/polymorf/findcrypt-yara\">findcrypt</a>","cost":0,"requirements":null},{"id":8,"type":"standard","challenge_id":22,"content":"\u538b\u7f29\u5305\u5bc6\u7801\u9700\u8981\u7206\u7834","cost":0,"requirements":null},{"id":9,"type":"standard","challenge_id":29,"content":"XSS\uff08Message\u662f\u53d1\u7ed9\u7ba1\u7406\u5458\u7684\uff09","cost":0,"requirements":null},{"id":10,"type":"standard","challenge_id":4,"content":"[\u865a\u62df\u673a\u4fdd\u62a4](https://xz.aliyun.com/t/3851)","cost":0,"requirements":null},{"id":11,"type":"standard","challenge_id":15,"content":"House of Orange","cost":0,"requirements":null},{"id":12,"type":"standard","challenge_id":21,"content":"\u63d2\u4ef6\u88c5\u4e0d\u4e86\u6ca1\u5173\u7cfb\uff0c\u542c\u8bf4\u6bcf\u79cd\u5bf9\u79f0\u5bc6\u7801\u90fd\u6709\u81ea\u5df1\u7684S\u76d2\uff1f","cost":0,"requirements":null}],"meta":{}}