{"count":44,"results":[{"id":1,"title":"Welcome","content":"\u6b22\u8fce\u5927\u5bb6\u6765\u53c2\u52a02020\u5e74\u7b2c\u56db\u5c4a\u6d59\u6c5f\u5de5\u5546\u5927\u5b66CTF\uff01\r\n\u6bd4\u8d5bQQ\u7fa4\uff1a772594098","date":"2020-05-19T12:07:22.406649","user_id":null,"team_id":null},{"id":2,"title":"Attention","content":"\u6bd4\u8d5b\u5c06\u4e8e\u4eca\u665a9\u70b9\u51c6\u65f6\u5f00\u59cb\uff0c\u8bf7\u5404\u4f4d\u53c2\u8d5b\u9009\u624b\u52a0\u5165QQ\u7fa4\uff1a772594098\u3002\u6bd4\u8d5b\u4e2d\u6709\u51e0\u70b9\u6ce8\u610f\u4e8b\u9879\u5982\u4e0b\uff1a<br>\r\n1\u3001\u6bd4\u8d5b\u5171\u6709\u4e94\u7c7b\u9898\u76ee\uff08WEB\u3001PWN\u3001RE\u3001CRYPTO\u3001MISC\uff09\uff0c\u5206\u522b\u5404\u67095\u9053\u9898\uff0c\u5206\u6570\u8bbe\u7f6e\u4e3a100\u5206\u5230500\u5206\u7684\u9012\u589e\u7b49\u5dee\u6570\u5217\uff08\u516c\u5dee100\uff09\u3002\u6bcf\u9053\u9898\u76ee\u7684\u51fa\u9898\u4ebaQQ\u9644\u5728\u9898\u76ee\u63cf\u8ff0\u4e2d\uff0c\u5982\u6709\u7591\u95ee\u53ef\u4ee5\u5177\u4f53\u8054\u7cfb\u51fa\u9898\u4eba\uff1b<br>\r\n2\u3001\u6bd4\u8d5b\u91c7\u53d6\u9759\u6001\u79ef\u5206\uff0c\u6bcf\u9053\u9898\u76ee\u7684\u4e00\u8840\u4f1a\u901a\u62a5\u516c\u5e03\uff08\u4e00\u4e8c\u4e09\u8840\u6ca1\u6709\u989d\u5916\u52a0\u5206\uff09\uff1b<br>\r\n3\u3001\u89e3\u9898\u63d0\u793a\uff08Hint\uff09\u6bcf\u9694\u4e00\u4e2a\u65f6\u95f4\u6bb5\u4f1a\u66f4\u65b0\uff0c\u5e76\u5728QQ\u7fa4\u516c\u5e03\uff0c\u5df2\u7ecf\u88ab\u89e3\u51fa\u7684\u9898\u76ee\u4e0d\u4f1a\u53d1Hint\uff1b<br>\r\n4\u3001\u6bd4\u8d5b\u8fc7\u7a0b\u4e2d\u7981\u6b62\u4efb\u4f55\u4ea4\u6362Flag\u3001\u4ea4\u6362\u89e3\u9898\u601d\u8def\u7b49\u8fdd\u53cd\u89c4\u5219\u7684\u884c\u4e3a\uff0c\u5982\u6709\u53d1\u73b0\u5373\u53d6\u6d88\u6bd4\u8d5b\u8d44\u683c\u3002","date":"2020-05-22T06:09:20.454668","user_id":null,"team_id":null},{"id":3,"title":"Attention","content":"\u4e3a\u4e86\u589e\u5f3a\u6bd4\u8d5b\u7684\u8da3\u5473\u6027\uff0c\u4eca\u665a9\u70b9\u6bcf\u4e2a\u65b9\u5411\u53ea\u653e3\u9053\u9898\uff0c\u5728\u660e\u5929\u4e0b\u53483\u70b9\u4f1a\u653e\u51fa\u6240\u6709\u9898\u76ee\u3002","date":"2020-05-22T09:01:22.334389","user_id":null,"team_id":null},{"id":4,"title":"Attention","content":"\u7b2c\u56db\u5c4a\u6d59\u6c5f\u5de5\u5546\u5927\u5b66CTF\u6821\u8d5b\u6b63\u5f0f\u5f00\u59cb\uff0c\u672c\u6b21\u6bd4\u8d5b\u65f6\u957f\u4e3a48\u5c0f\u65f6\uff0c\u795d\u5927\u5bb6\u6536\u83b7\u77e5\u8bc6\uff0c\u8d5b\u51fa\u6210\u7ee9\uff01\uff08\u6ca1\u6709\u52a0QQ\u7fa4\u7684\u540c\u5b66\u52a0\u4e00\u4e0b\u7fa4\uff1a772594098\uff09<br>\r\nPS\uff1a\u5982\u679c\u5bf9\u9898\u76ee\u6709\u95ee\u9898\u53ef\u4ee5\u8054\u7cfb\u9898\u76ee\u7684\u51fa\u9898\u4eba\uff0c\u8054\u7cfb\u65b9\u5f0f\u5df2\u7ecf\u6807\u6ce8\u5728\u9898\u76ee\u63cf\u8ff0\u4e2d\uff08Author's QQ\uff09\u3002","date":"2020-05-22T13:00:07.514713","user_id":null,"team_id":null},{"id":5,"title":"Congratulation","content":"\u606d\u559cqffnb\u62ff\u4e0bRobots_\u7b7e\u5230\u4e00\u8840\uff01","date":"2020-05-22T13:05:07.285914","user_id":null,"team_id":null},{"id":6,"title":"Congratulation","content":"\u606d\u559cFre5h1nd\u62ff\u4e0bkeyboard\u4e00\u8840\uff01","date":"2020-05-22T13:08:19.039804","user_id":null,"team_id":null},{"id":7,"title":"Attention","content":"\u5bf9CTF\u4e0d\u662f\u5f88\u4e86\u89e3\u7684\u540c\u5b66\u53ef\u4ee5\u770b\u4e00\u4e0b<a href=\"https://www.freebuf.com/fevents/97519.html\">\u8fd9\u7bc7\u6587\u7ae0</a>\u3002<br>\r\n\u987a\u4fbf\u63d0\u4e00\u4e0b\u672c\u6b21\u6bd4\u8d5b\u7684Flag\u683c\u5f0f\u5927\u90e8\u5206\u90fd\u4e3azjgsuctf{.+}\uff0c\u7279\u6b8a\u60c5\u51b5\u90fd\u5728\u9898\u76ee\u4e2d\u6709\u6240\u63cf\u8ff0\u3002","date":"2020-05-22T13:17:42.628456","user_id":null,"team_id":null},{"id":8,"title":"Congratulation","content":"\u606d\u559cStarsYu\u62ff\u4e0bsavetime\u4e00\u8840\uff01","date":"2020-05-22T13:28:50.861531","user_id":null,"team_id":null},{"id":9,"title":"Congratulation","content":"\u606d\u559cqffnb\u62ff\u4e0bscancode\u4e00\u8840\uff01","date":"2020-05-22T13:57:38.372225","user_id":null,"team_id":null},{"id":10,"title":"Congratulation","content":"\u606d\u559ccountfatcode\u62ff\u4e0bshortest\u4e00\u8840\uff01","date":"2020-05-22T14:29:27.902405","user_id":null,"team_id":null},{"id":11,"title":"Congratulation","content":"\u606d\u559ccountfatcode\u62ff\u4e0bleaky\u4e00\u8840\uff01","date":"2020-05-22T14:46:31.346649","user_id":null,"team_id":null},{"id":12,"title":"Hint","content":"basic\u65b0\u589ehint\uff1aBase64 Steganography","date":"2020-05-22T15:20:25.596089","user_id":null,"team_id":null},{"id":13,"title":"Congratulation","content":"\u606d\u559cXxX\u62ff\u4e0bbreakdown\u4e00\u8840\uff01","date":"2020-05-22T15:24:28.212795","user_id":null,"team_id":null},{"id":14,"title":"Congratulation","content":"\u606d\u559chhb123\u62ff\u4e0bbasic\u4e00\u8840\uff01","date":"2020-05-22T15:30:51.708626","user_id":null,"team_id":null},{"id":15,"title":"Congratulation","content":"\u606d\u559ccountfatcode\u62ff\u4e0bnote\u4e00\u8840\uff01","date":"2020-05-22T15:31:55.719521","user_id":null,"team_id":null},{"id":16,"title":"Congratulation","content":"\u606d\u559cStarsYu\u62ff\u4e0bhamming\u4e00\u8840\uff01","date":"2020-05-23T01:24:56.385283","user_id":null,"team_id":null},{"id":17,"title":"Congratulation","content":"\u606d\u559chhb123\u57286\u5c0f\u65f6\u524d\u62ff\u4e0b\u6253\u98de\u673a\u6e38\u620f\u4e00\u8840\uff01","date":"2020-05-23T01:25:34.580468","user_id":null,"team_id":null},{"id":18,"title":"Hint","content":"\u5bf9\u6ca1\u63a5\u89e6\u8fc7\u7684\u540c\u5b66\u7684\u63d0\u793a\uff1aPython\u4e2d\u7684socket\u6216\u8005pwntools\u4e24\u4e2a\u5e93\u53ef\u4ee5\u7528\u4e8e\u547d\u4ee4\u884c\u4ea4\u4e92\uff0c\u53ef\u4ee5\u501f\u52a9\u5176\u4e00\u8fdb\u884c\u7f16\u5199Python\u811a\u672c\u6765\u548c\u8fdc\u7a0b\u670d\u52a1\u8fdb\u884c\u4ea4\u4e92\u3002pwntools\u8fd8\u63d0\u4f9b\u4e86\u4e00\u4e9b\u8f85\u52a9\u51fd\u6570\u53ef\u4ee5\u7528\u6765\u5b9e\u73b0\u5bf9\u6f0f\u6d1e\u7684\u5229\u7528\u7b49\uff08PWN\u9898\u4e2d\uff09\u3002","date":"2020-05-23T01:53:42.720531","user_id":null,"team_id":null},{"id":19,"title":"Hint","content":"fake_html\u65b0\u589ehint\uff1aPHP\u4f2a\u534f\u8bae","date":"2020-05-23T02:07:37.309449","user_id":null,"team_id":null},{"id":20,"title":"Hint","content":"easy_php\u65b0\u589ehint\uff1a\u63d0\u793a\u7684php\u6587\u4ef6\u540d\u901a\u8fc7\u4e24\u5c42\u7f16\u7801","date":"2020-05-23T02:14:35.703353","user_id":null,"team_id":null},{"id":21,"title":"Congratulation","content":"\u606d\u559cqffnb\u62ff\u4e0bfake_html\u4e00\u8840\uff01","date":"2020-05-23T02:46:47.564904","user_id":null,"team_id":null},{"id":22,"title":"Attention","content":"\u622a\u6b6212:00\u653e\u51fa\u7684\u9898\u76ee\u4e2dMISC\u548cPWN\u90fd\u5df2\u7ecf\u88abAK\uff0c\u51fa\u9898\u7ec4\u4e34\u65f6\u51b3\u5b9a\u5148\u628a\u5269\u4e0b\u7684MISC\u548cPWN\u4ee5\u53ca\u4e00\u9053WEB\u9898\u653e\u51fa\u3002\u5269\u4f59\u7684\u9898\u76ee\u5219\u5c06\u5728\u4e0b\u5348\u4e94\u70b9\u5168\u90e8\u653e\u51fa\u3002","date":"2020-05-23T04:01:00.530786","user_id":null,"team_id":null},{"id":23,"title":"Congratulation","content":"\u606d\u559cAlic135\u62ff\u4e0bexcute\u4e00\u8840\uff01","date":"2020-05-23T04:10:07.376581","user_id":null,"team_id":null},{"id":24,"title":"easy_php\u65b0\u589ehint","content":"\u6ce8\u610f\u767b\u9646\u540e\u7684cookie\u503c\r\n\u6b63\u786e\u8bbf\u95ee\u5230\u91ccphp\u9700\u8981\u8be5cookie","date":"2020-05-23T04:37:31.041796","user_id":null,"team_id":null},{"id":25,"title":"Congratulation","content":"\u606d\u559cqffnb\u62ff\u4e0beasy_php\u4e00\u8840\uff01","date":"2020-05-23T06:57:58.360841","user_id":null,"team_id":null},{"id":26,"title":"Congratulation","content":"\u606d\u559cXxX\u62ff\u4e0bret\u4e00\u8840\uff01","date":"2020-05-23T07:23:51.256435","user_id":null,"team_id":null},{"id":27,"title":"Congratulation","content":"\u606d\u559cXxX\u62ff\u4e0bwhaletree\u4e00\u8840\uff01","date":"2020-05-23T07:48:02.069065","user_id":null,"team_id":null},{"id":28,"title":"Attention","content":"\u6240\u6709\u9898\u76ee\u5df2\u7ecf\u653e\u51fa\u3002\uff08WEB\u56e0\u5206\u503c\u8c03\u6574\u589e\u52a0\u81f36\u9898\uff09<br>\r\n\u987a\u4fbf\u63d0\u9192\u4e00\u4e0b\u6bcf\u4e00\u4f4d\u53c2\u8d5b\u9009\u624b\uff0c\u5728\u8d5b\u540e\u9700\u8981\u63d0\u4ea4\u89e3\u9898\u62a5\u544a\uff08Writeup\uff09\uff0c\u8bf7\u53ca\u65f6\u5bf9\u81ea\u5df1\u7684\u505a\u9898\u8fc7\u7a0b\u505a\u597d\u8bb0\u5f55\u3002","date":"2020-05-23T09:03:06.890209","user_id":null,"team_id":null},{"id":29,"title":"Congratulation","content":"\u606d\u559cAlic135\u62ff\u4e0bsslove\u4e00\u8840\uff01","date":"2020-05-23T09:31:41.835182","user_id":null,"team_id":null},{"id":30,"title":"Congratulation","content":"\u606d\u559cXxX\u62ff\u4e0bfeistel\u4e00\u8840\uff01","date":"2020-05-23T10:42:43.737475","user_id":null,"team_id":null},{"id":31,"title":"Hint","content":"rcrc\u65b0\u589ehint\uff1aIDA is your friend.","date":"2020-05-23T10:44:33.660179","user_id":null,"team_id":null},{"id":32,"title":"Hint","content":"desez\u65b0\u589ehint\uff1aAre you familiar with Key schedule in DES? Each round the key (which is 56 bits) generates a Subkey (which is 48 bits). So Brute-force is possible, right?","date":"2020-05-23T12:10:46.819548","user_id":null,"team_id":null},{"id":33,"title":"Congratulation","content":"\u606d\u559cqffnb\u62ff\u4e0bdesez\u4e00\u8840\uff01","date":"2020-05-23T13:33:14.296118","user_id":null,"team_id":null},{"id":34,"title":"Congratulation","content":"\u606d\u559cXxX\u62ff\u4e0bbooks\u4e00\u8840\uff01","date":"2020-05-24T01:56:36.189428","user_id":null,"team_id":null},{"id":35,"title":"Hint","content":"eznative\u65b0\u589ehint\uff1a<a href=\"https://github.com/polymorf/findcrypt-yara\">findcrypt</a>","date":"2020-05-24T01:57:32.643167","user_id":null,"team_id":null},{"id":36,"title":"Hint","content":"flag_in_here\u65b0\u589ehint\uff1a\u538b\u7f29\u5305\u5bc6\u7801\u9700\u8981\u7206\u7834","date":"2020-05-24T04:53:30.811227","user_id":null,"team_id":null},{"id":37,"title":"Hint","content":"zero_solved\u65b0\u589ehint\uff1aXSS\uff08Message\u662f\u53d1\u7ed9\u7ba1\u7406\u5458\u7684\uff09","date":"2020-05-24T06:44:22.127693","user_id":null,"team_id":null},{"id":38,"title":"Hint","content":"easyvm\u65b0\u589ehint\uff1a<a href=\"https://xz.aliyun.com/t/3851\">\u865a\u62df\u673a\u4fdd\u62a4</a>","date":"2020-05-24T06:52:20.214169","user_id":null,"team_id":null},{"id":39,"title":"Hint","content":"macbook\u65b0\u589ehint\uff1aHouse of Orange","date":"2020-05-24T06:53:56.576512","user_id":null,"team_id":null},{"id":40,"title":"Hint","content":"eznative\u65b0\u589ehint\uff1a\u63d2\u4ef6\u88c5\u4e0d\u4e86\u6ca1\u5173\u7cfb\uff0c\u542c\u8bf4\u6bcf\u79cd\u5bf9\u79f0\u5bc6\u7801\u90fd\u6709\u81ea\u5df1\u7684S\u76d2\uff1f","date":"2020-05-24T07:02:16.247564","user_id":null,"team_id":null},{"id":41,"title":"Attention","content":"\u4e3a\u4e86\u4e0b\u4e00\u5c4a\u66f4\u597d\u5730\u51fa\u9898\uff0c\u65b0\u589e\u4e00\u9053\u8c03\u67e5\u95ee\u5377\uff0c\u5927\u5bb6\u586b\u5b8c\u540e\u5c31\u80fd\u62ff\u5230flag\uff5e","date":"2020-05-24T07:20:26.242530","user_id":null,"team_id":null},{"id":42,"title":"Attention","content":"\u4e3a\u4e86\u589e\u52a0\u8da3\u5473\u6027\uff0c\u63a5\u4e0b\u6765\u4f1a\u628a\u6392\u540d\u9690\u85cf\uff0c\u5230\u6bd4\u8d5b\u7ed3\u675f\u540e\u516c\u5e03\u6700\u7ec8\u6392\u540d","date":"2020-05-24T11:13:53.693261","user_id":null,"team_id":null},{"id":43,"title":"Attention","content":"\u672c\u6b21\u6bd4\u8d5b\u5706\u6ee1\u7ed3\u675f\uff0c\u611f\u8c22\u5404\u4f4d\u540c\u5b66\u7684\u53c2\u4e0e\uff0c\u8bf7\u6392\u540d\u524d15\u7684\u540c\u5b66\u5c06\u89e3\u9898\u62a5\u544a\uff08Writeup\uff09\u53d1\u9001\u81f3\u90ae\u7bb1490584635@qq.com\uff0c\u8981\u6c42\u662fPDF\u683c\u5f0f\uff0c\u4e14\u547d\u540d\u683c\u5f0f\u4e3a\u201c\u5b66\u53f7-\u73ed\u7ea7-\u59d3\u540d-ID\u201d\uff08\u4f8b\uff1a\u201c1712190426-\u5b89\u51681701-\u8fd0\u7ef4-B3ale\u201d\uff09\u3002","date":"2020-05-24T13:04:07.359345","user_id":null,"team_id":null},{"id":44,"title":"Attention","content":"\u89e3\u9898\u62a5\u544a\uff08Writeup\uff09\u7684\u63d0\u4ea4\u5728\u660e\u665a9\u70b9\u524d\u622a\u6b62","date":"2020-05-24T13:11:22.044306","user_id":null,"team_id":null}],"meta":{}}