{"count":2,"results":[{"id":1,"title":"None","route":"index","content":"<div class=\"row\">\r\n    <div class=\"text-center\">\r\n        <h3 class=\"w-100 mx-auto d-block\" style=\"padding-top: 20px;\">Welcome to ZJGSUCTF 2020!</h3>\r\n        <img class=\"w-100 mx-auto d-block\" src=\"/themes/core/static/img/HACK-THE-PLANET.jpg\"/>\r\n        <!--<img class=\"w-100 mx-auto d-block\" src=\"/themes/core/static/img/ZJGSUCTF-2020.png\"/>-->\r\n    </div>\r\n</div>","draft":false,"hidden":false,"auth_required":false},{"id":2,"title":"robots.txt","route":"robots.txt","content":"<h8>\r\n# ZJGSUCTF{aWtub3dyb2JvdHMudHh0}<br>\r\nUser-agent: *<br>\r\nDisallow: <br>\r\nDisallow: /bin/<br>\r\nSitemap: http://domain.com/sitemap.xml<br>\r\n</h8>","draft":false,"hidden":true,"auth_required":true}],"meta":{}}