{"count":210,"results":[{"id":1,"challenge_id":19,"user_id":9,"team_id":null},{"id":2,"challenge_id":20,"user_id":9,"team_id":null},{"id":3,"challenge_id":26,"user_id":8,"team_id":null},{"id":4,"challenge_id":14,"user_id":1,"team_id":null},{"id":5,"challenge_id":5,"user_id":1,"team_id":null},{"id":6,"challenge_id":6,"user_id":1,"team_id":null},{"id":7,"challenge_id":21,"user_id":1,"team_id":null},{"id":8,"challenge_id":4,"user_id":1,"team_id":null},{"id":9,"challenge_id":1,"user_id":1,"team_id":null},{"id":10,"challenge_id":7,"user_id":1,"team_id":null},{"id":11,"challenge_id":13,"user_id":1,"team_id":null},{"id":12,"challenge_id":18,"user_id":1,"team_id":null},{"id":13,"challenge_id":16,"user_id":1,"team_id":null},{"id":14,"challenge_id":9,"user_id":1,"team_id":null},{"id":15,"challenge_id":17,"user_id":1,"team_id":null},{"id":16,"challenge_id":22,"user_id":1,"team_id":null},{"id":17,"challenge_id":3,"user_id":1,"team_id":null},{"id":18,"challenge_id":2,"user_id":1,"team_id":null},{"id":19,"challenge_id":15,"user_id":1,"team_id":null},{"id":20,"challenge_id":23,"user_id":1,"team_id":null},{"id":21,"challenge_id":27,"user_id":9,"team_id":null},{"id":22,"challenge_id":28,"user_id":1,"team_id":null},{"id":23,"challenge_id":29,"user_id":1,"team_id":null},{"id":24,"challenge_id":30,"user_id":9,"team_id":null},{"id":25,"challenge_id":31,"user_id":1,"team_id":null},{"id":53,"challenge_id":20,"user_id":14,"team_id":null},{"id":89,"challenge_id":20,"user_id":3,"team_id":null},{"id":90,"challenge_id":28,"user_id":27,"team_id":null},{"id":105,"challenge_id":20,"user_id":4,"team_id":null},{"id":112,"challenge_id":20,"user_id":17,"team_id":null},{"id":119,"challenge_id":20,"user_id":16,"team_id":null},{"id":127,"challenge_id":28,"user_id":14,"team_id":null},{"id":132,"challenge_id":28,"user_id":13,"team_id":null},{"id":135,"challenge_id":28,"user_id":6,"team_id":null},{"id":146,"challenge_id":20,"user_id":28,"team_id":null},{"id":179,"challenge_id":28,"user_id":4,"team_id":null},{"id":181,"challenge_id":28,"user_id":3,"team_id":null},{"id":184,"challenge_id":28,"user_id":26,"team_id":null},{"id":188,"challenge_id":5,"user_id":3,"team_id":null},{"id":194,"challenge_id":20,"user_id":6,"team_id":null},{"id":209,"challenge_id":20,"user_id":35,"team_id":null},{"id":270,"challenge_id":28,"user_id":35,"team_id":null},{"id":281,"challenge_id":28,"user_id":16,"team_id":null},{"id":359,"challenge_id":7,"user_id":14,"team_id":null},{"id":366,"challenge_id":28,"user_id":17,"team_id":null},{"id":381,"challenge_id":20,"user_id":34,"team_id":null},{"id":390,"challenge_id":20,"user_id":15,"team_id":null},{"id":397,"challenge_id":28,"user_id":15,"team_id":null},{"id":406,"challenge_id":28,"user_id":30,"team_id":null},{"id":415,"challenge_id":28,"user_id":23,"team_id":null},{"id":416,"challenge_id":5,"user_id":15,"team_id":null},{"id":419,"challenge_id":20,"user_id":30,"team_id":null},{"id":426,"challenge_id":2,"user_id":20,"team_id":null},{"id":451,"challenge_id":28,"user_id":34,"team_id":null},{"id":456,"challenge_id":20,"user_id":27,"team_id":null},{"id":457,"challenge_id":2,"user_id":15,"team_id":null},{"id":469,"challenge_id":20,"user_id":19,"team_id":null},{"id":470,"challenge_id":3,"user_id":20,"team_id":null},{"id":477,"challenge_id":7,"user_id":15,"team_id":null},{"id":478,"challenge_id":7,"user_id":17,"team_id":null},{"id":486,"challenge_id":3,"user_id":15,"team_id":null},{"id":490,"challenge_id":28,"user_id":19,"team_id":null},{"id":526,"challenge_id":3,"user_id":3,"team_id":null},{"id":528,"challenge_id":20,"user_id":26,"team_id":null},{"id":534,"challenge_id":20,"user_id":23,"team_id":null},{"id":563,"challenge_id":7,"user_id":19,"team_id":null},{"id":575,"challenge_id":28,"user_id":39,"team_id":null},{"id":602,"challenge_id":5,"user_id":35,"team_id":null},{"id":606,"challenge_id":14,"user_id":15,"team_id":null},{"id":618,"challenge_id":16,"user_id":16,"team_id":null},{"id":621,"challenge_id":26,"user_id":20,"team_id":null},{"id":623,"challenge_id":20,"user_id":39,"team_id":null},{"id":636,"challenge_id":20,"user_id":41,"team_id":null},{"id":637,"challenge_id":28,"user_id":36,"team_id":null},{"id":643,"challenge_id":16,"user_id":3,"team_id":null},{"id":647,"challenge_id":20,"user_id":40,"team_id":null},{"id":652,"challenge_id":26,"user_id":15,"team_id":null},{"id":662,"challenge_id":7,"user_id":35,"team_id":null},{"id":664,"challenge_id":7,"user_id":6,"team_id":null},{"id":671,"challenge_id":16,"user_id":17,"team_id":null},{"id":677,"challenge_id":20,"user_id":42,"team_id":null},{"id":684,"challenge_id":28,"user_id":42,"team_id":null},{"id":685,"challenge_id":28,"user_id":41,"team_id":null},{"id":686,"challenge_id":28,"user_id":40,"team_id":null},{"id":689,"challenge_id":28,"user_id":43,"team_id":null},{"id":690,"challenge_id":28,"user_id":20,"team_id":null},{"id":691,"challenge_id":20,"user_id":36,"team_id":null},{"id":696,"challenge_id":20,"user_id":43,"team_id":null},{"id":713,"challenge_id":7,"user_id":28,"team_id":null},{"id":723,"challenge_id":28,"user_id":28,"team_id":null},{"id":724,"challenge_id":5,"user_id":20,"team_id":null},{"id":749,"challenge_id":7,"user_id":16,"team_id":null},{"id":754,"challenge_id":16,"user_id":14,"team_id":null},{"id":757,"challenge_id":30,"user_id":16,"team_id":null},{"id":760,"challenge_id":16,"user_id":20,"team_id":null},{"id":761,"challenge_id":20,"user_id":5,"team_id":null},{"id":784,"challenge_id":5,"user_id":17,"team_id":null},{"id":790,"challenge_id":1,"user_id":3,"team_id":null},{"id":794,"challenge_id":28,"user_id":29,"team_id":null},{"id":796,"challenge_id":20,"user_id":12,"team_id":null},{"id":802,"challenge_id":16,"user_id":28,"team_id":null},{"id":808,"challenge_id":28,"user_id":12,"team_id":null},{"id":815,"challenge_id":16,"user_id":23,"team_id":null},{"id":820,"challenge_id":1,"user_id":35,"team_id":null},{"id":823,"challenge_id":20,"user_id":25,"team_id":null},{"id":843,"challenge_id":27,"user_id":14,"team_id":null},{"id":844,"challenge_id":5,"user_id":6,"team_id":null},{"id":861,"challenge_id":16,"user_id":6,"team_id":null},{"id":862,"challenge_id":30,"user_id":17,"team_id":null},{"id":863,"challenge_id":7,"user_id":23,"team_id":null},{"id":864,"challenge_id":5,"user_id":14,"team_id":null},{"id":865,"challenge_id":1,"user_id":20,"team_id":null},{"id":871,"challenge_id":1,"user_id":15,"team_id":null},{"id":872,"challenge_id":16,"user_id":15,"team_id":null},{"id":873,"challenge_id":20,"user_id":21,"team_id":null},{"id":874,"challenge_id":32,"user_id":28,"team_id":null},{"id":875,"challenge_id":32,"user_id":14,"team_id":null},{"id":876,"challenge_id":32,"user_id":12,"team_id":null},{"id":877,"challenge_id":32,"user_id":6,"team_id":null},{"id":878,"challenge_id":32,"user_id":23,"team_id":null},{"id":883,"challenge_id":32,"user_id":17,"team_id":null},{"id":896,"challenge_id":32,"user_id":16,"team_id":null},{"id":900,"challenge_id":28,"user_id":45,"team_id":null},{"id":910,"challenge_id":20,"user_id":38,"team_id":null},{"id":914,"challenge_id":28,"user_id":38,"team_id":null},{"id":925,"challenge_id":7,"user_id":21,"team_id":null},{"id":936,"challenge_id":28,"user_id":21,"team_id":null},{"id":937,"challenge_id":1,"user_id":14,"team_id":null},{"id":940,"challenge_id":1,"user_id":6,"team_id":null},{"id":941,"challenge_id":16,"user_id":21,"team_id":null},{"id":942,"challenge_id":27,"user_id":17,"team_id":null},{"id":943,"challenge_id":16,"user_id":12,"team_id":null},{"id":946,"challenge_id":1,"user_id":28,"team_id":null},{"id":947,"challenge_id":32,"user_id":35,"team_id":null},{"id":948,"challenge_id":19,"user_id":14,"team_id":null},{"id":951,"challenge_id":13,"user_id":15,"team_id":null},{"id":952,"challenge_id":18,"user_id":15,"team_id":null},{"id":953,"challenge_id":32,"user_id":15,"team_id":null},{"id":956,"challenge_id":32,"user_id":5,"team_id":null},{"id":957,"challenge_id":1,"user_id":17,"team_id":null},{"id":958,"challenge_id":16,"user_id":38,"team_id":null},{"id":961,"challenge_id":32,"user_id":21,"team_id":null},{"id":962,"challenge_id":1,"user_id":16,"team_id":null},{"id":963,"challenge_id":31,"user_id":28,"team_id":null},{"id":964,"challenge_id":28,"user_id":5,"team_id":null},{"id":968,"challenge_id":7,"user_id":5,"team_id":null},{"id":971,"challenge_id":17,"user_id":15,"team_id":null},{"id":972,"challenge_id":31,"user_id":14,"team_id":null},{"id":973,"challenge_id":32,"user_id":3,"team_id":null},{"id":974,"challenge_id":31,"user_id":15,"team_id":null},{"id":977,"challenge_id":9,"user_id":14,"team_id":null},{"id":978,"challenge_id":30,"user_id":20,"team_id":null},{"id":990,"challenge_id":20,"user_id":46,"team_id":null},{"id":992,"challenge_id":32,"user_id":34,"team_id":null},{"id":993,"challenge_id":30,"user_id":35,"team_id":null},{"id":997,"challenge_id":16,"user_id":35,"team_id":null},{"id":998,"challenge_id":32,"user_id":38,"team_id":null},{"id":999,"challenge_id":27,"user_id":23,"team_id":null},{"id":1000,"challenge_id":30,"user_id":6,"team_id":null},{"id":1010,"challenge_id":31,"user_id":6,"team_id":null},{"id":1014,"challenge_id":20,"user_id":47,"team_id":null},{"id":1016,"challenge_id":30,"user_id":28,"team_id":null},{"id":1017,"challenge_id":23,"user_id":15,"team_id":null},{"id":1024,"challenge_id":32,"user_id":20,"team_id":null},{"id":1026,"challenge_id":30,"user_id":15,"team_id":null},{"id":1027,"challenge_id":31,"user_id":17,"team_id":null},{"id":1028,"challenge_id":27,"user_id":12,"team_id":null},{"id":1030,"challenge_id":19,"user_id":15,"team_id":null},{"id":1031,"challenge_id":31,"user_id":12,"team_id":null},{"id":1040,"challenge_id":27,"user_id":6,"team_id":null},{"id":1042,"challenge_id":19,"user_id":17,"team_id":null},{"id":1043,"challenge_id":1,"user_id":12,"team_id":null},{"id":1044,"challenge_id":1,"user_id":23,"team_id":null},{"id":1045,"challenge_id":31,"user_id":35,"team_id":null},{"id":1046,"challenge_id":19,"user_id":35,"team_id":null},{"id":1047,"challenge_id":33,"user_id":17,"team_id":null},{"id":1048,"challenge_id":33,"user_id":16,"team_id":null},{"id":1049,"challenge_id":33,"user_id":23,"team_id":null},{"id":1050,"challenge_id":33,"user_id":35,"team_id":null},{"id":1051,"challenge_id":33,"user_id":14,"team_id":null},{"id":1052,"challenge_id":33,"user_id":21,"team_id":null},{"id":1053,"challenge_id":19,"user_id":12,"team_id":null},{"id":1054,"challenge_id":33,"user_id":12,"team_id":null},{"id":1055,"challenge_id":33,"user_id":6,"team_id":null},{"id":1086,"challenge_id":33,"user_id":28,"team_id":null},{"id":1087,"challenge_id":33,"user_id":11,"team_id":null},{"id":1091,"challenge_id":33,"user_id":10,"team_id":null},{"id":1101,"challenge_id":33,"user_id":34,"team_id":null},{"id":1102,"challenge_id":33,"user_id":30,"team_id":null},{"id":1124,"challenge_id":32,"user_id":10,"team_id":null},{"id":1125,"challenge_id":32,"user_id":11,"team_id":null},{"id":1140,"challenge_id":33,"user_id":5,"team_id":null},{"id":1142,"challenge_id":19,"user_id":28,"team_id":null},{"id":1147,"challenge_id":27,"user_id":16,"team_id":null},{"id":1160,"challenge_id":28,"user_id":10,"team_id":null},{"id":1167,"challenge_id":28,"user_id":11,"team_id":null},{"id":1179,"challenge_id":20,"user_id":10,"team_id":null},{"id":1180,"challenge_id":20,"user_id":11,"team_id":null},{"id":1181,"challenge_id":19,"user_id":6,"team_id":null},{"id":1182,"challenge_id":33,"user_id":15,"team_id":null},{"id":1186,"challenge_id":7,"user_id":10,"team_id":null},{"id":1187,"challenge_id":7,"user_id":11,"team_id":null},{"id":1188,"challenge_id":33,"user_id":20,"team_id":null},{"id":1189,"challenge_id":33,"user_id":47,"team_id":null},{"id":1190,"challenge_id":27,"user_id":28,"team_id":null},{"id":1191,"challenge_id":33,"user_id":38,"team_id":null},{"id":1192,"challenge_id":33,"user_id":3,"team_id":null},{"id":1196,"challenge_id":27,"user_id":35,"team_id":null},{"id":1243,"challenge_id":7,"user_id":12,"team_id":null},{"id":1244,"challenge_id":15,"user_id":15,"team_id":null}],"meta":{}}