{"count":48,"results":[{"id":1,"oauth_id":null,"name":"admin","password":"$bcrypt-sha256$2b,12$7gsL4CJ3iEwtEs5inqwliu$ywPjtaWJmaeovrkjkl3vDbBwFEcvAx6","email":"490584635@qq.com","type":"admin","secret":null,"website":null,"affiliation":null,"country":null,"bracket":null,"hidden":true,"banned":false,"verified":false,"team_id":null,"created":"2020-05-06T08:20:07.988695"},{"id":2,"oauth_id":null,"name":"b3ale","password":"$bcrypt-sha256$2b,12$hzB9kC479t7n/3phuPvlau$C/JO.4ahAyJn3HMEtlCXEU1z/18WL46","email":"1712190426@zjgsu.pop.edu.cn","type":"user","secret":null,"website":"http://blog.b3ale.cn/","affiliation":null,"country":"CN","bracket":null,"hidden":false,"banned":false,"verified":false,"team_id":null,"created":"2020-05-12T01:32:35.118449"},{"id":3,"oauth_id":null,"name":"StarsYu","password":"$bcrypt-sha256$2b,12$RcGM49QDVZX4UfDRZB3RqO$JK7jw042H88dyS4VmSDbY19452VpVxq","email":"327432771@qq.com","type":"user","secret":null,"website":null,"affiliation":null,"country":null,"bracket":null,"hidden":false,"banned":false,"verified":false,"team_id":null,"created":"2020-05-12T01:44:30.628411"},{"id":4,"oauth_id":null,"name":"NoCTFlll","password":"$bcrypt-sha256$2b,12$LSnlXkAJ1s4NogOghOBgcu$s4rXi5Nnv7YL3wrPLCvzK5wsWTPlTcS","email":"282725559@qq.com","type":"user","secret":null,"website":null,"affiliation":null,"country":null,"bracket":null,"hidden":false,"banned":false,"verified":false,"team_id":null,"created":"2020-05-12T01:47:35.617166"},{"id":5,"oauth_id":null,"name":"BIGCHA","password":"$bcrypt-sha256$2b,12$n7RARG9QzhvXTTdy.7f7qO$/.xekeklL6HSmwcC.4DUtZri/BORtve","email":"wuyefeng01@163.com","type":"user","secret":null,"website":null,"affiliation":null,"country":null,"bracket":null,"hidden":false,"banned":false,"verified":false,"team_id":null,"created":"2020-05-12T02:21:26.528045"},{"id":6,"oauth_id":null,"name":"kakeru","password":"$bcrypt-sha256$2b,12$UULKO38OI1aQtsauTMD/0.$YaE7Cy97WHJY6z/2ZXV4dsYRdZoC/fi","email":"851511032@qq.com","type":"user","secret":null,"website":null,"affiliation":null,"country":null,"bracket":null,"hidden":false,"banned":false,"verified":false,"team_id":null,"created":"2020-05-12T03:09:19.224200"},{"id":7,"oauth_id":null,"name":"majiaqi","password":"$bcrypt-sha256$2b,12$iN0yCLHAYHBeeLS7YOP/o.$7Suaw2uj7ubjaigfozgRkehPObeYmqO","email":"majiayouernv@126.com","type":"user","secret":null,"website":null,"affiliation":null,"country":null,"bracket":null,"hidden":false,"banned":false,"verified":false,"team_id":null,"created":"2020-05-12T07:15:39.093420"},{"id":8,"oauth_id":null,"name":"\u8d3e\u6f47\u98ce\u88c5\u9489\u9489","password":"$bcrypt-sha256$2b,12$7bQeP08i7..fzX8HMKomRu$xOOD0.yBCVZQnEJ9nR9ADwi7t0.yTCe","email":"1234564789@qq.com","type":"admin","secret":null,"website":null,"affiliation":null,"country":null,"bracket":null,"hidden":true,"banned":false,"verified":false,"team_id":null,"created":"2020-05-12T09:09:03.982864"},{"id":9,"oauth_id":null,"name":"\u767d\u7ed9\u5439\u96ea","password":"$bcrypt-sha256$2b,12$wm7YUvJC5LYoIvH.j5bPJO$A5kL4NxdDUKMpmJDUO7sJRu5/vX2BV.","email":"ckf99123@163.com","type":"admin","secret":null,"website":null,"affiliation":null,"country":null,"bracket":null,"hidden":true,"banned":false,"verified":false,"team_id":null,"created":"2020-05-12T10:52:33.410131"},{"id":10,"oauth_id":null,"name":"Ye","password":"$bcrypt-sha256$2b,12$NXBpg1Rxpjs3/z.H1AAWtO$bYItZJOdCjYAdTteVrS/Y75VrUa6CJa","email":"770650151@qq.com","type":"user","secret":null,"website":null,"affiliation":null,"country":null,"bracket":null,"hidden":false,"banned":false,"verified":false,"team_id":null,"created":"2020-05-18T08:21:16.378181"},{"id":11,"oauth_id":null,"name":"SHADOW","password":"$bcrypt-sha256$2b,12$B7/2NKF/E06t6x2hgm18x.$RQj9hq1HK69Y/sqKRtJxgiT3j178CaK","email":"418983017@qq.com","type":"user","secret":null,"website":null,"affiliation":null,"country":null,"bracket":null,"hidden":false,"banned":false,"verified":false,"team_id":null,"created":"2020-05-18T10:00:36.376513"},{"id":12,"oauth_id":null,"name":"Hafey","password":"$bcrypt-sha256$2b,12$1ZEps8xodjAJk/A6UHyevO$wSTcMfDBkTofr8tR0pNyCNgQiJAkd9K","email":"zhu460017149@163.com","type":"user","secret":null,"website":null,"affiliation":null,"country":null,"bracket":null,"hidden":false,"banned":false,"verified":false,"team_id":null,"created":"2020-05-18T23:44:46.041883"},{"id":13,"oauth_id":null,"name":"bbbooboo","password":"$bcrypt-sha256$2b,12$spMCrMn4oIALc9a264fU2.$VKsQKfcIVnTpmggjreRCs8ayK0f2sOi","email":"996721251@qq.com","type":"user","secret":null,"website":null,"affiliation":null,"country":null,"bracket":null,"hidden":false,"banned":false,"verified":false,"team_id":null,"created":"2020-05-19T07:20:35.463571"},{"id":14,"oauth_id":null,"name":"qffnb","password":"$bcrypt-sha256$2b,12$lvy1CNmugNAWS1AbGO08Z.$hXvYsDUvcY3vdzx04CtojvnqWGkQDDK","email":"18396382739@163.com","type":"user","secret":null,"website":null,"affiliation":null,"country":null,"bracket":null,"hidden":false,"banned":false,"verified":false,"team_id":null,"created":"2020-05-19T07:54:01.703816"},{"id":15,"oauth_id":null,"name":"XxX","password":"$bcrypt-sha256$2b,12$DGh/OmWSflKebRdiqs/XqO$NIUExczX7NCL7j0.7ycdcJbYoXz.a92","email":"2014269460@qq.com","type":"user","secret":null,"website":null,"affiliation":null,"country":"CN","bracket":null,"hidden":false,"banned":false,"verified":false,"team_id":null,"created":"2020-05-19T12:49:40.953013"},{"id":16,"oauth_id":null,"name":"hhb123","password":"$bcrypt-sha256$2b,12$wyxm2S4On1oDn7US6Yzaqe$Dmf08.yB8pxJNgEBCmfnCru8jemhUui","email":"997942163@qq.com","type":"user","secret":null,"website":null,"affiliation":null,"country":null,"bracket":null,"hidden":false,"banned":false,"verified":false,"team_id":null,"created":"2020-05-19T15:03:57.828006"},{"id":17,"oauth_id":null,"name":"zjsuxfs","password":"$bcrypt-sha256$2b,12$p00R8uZeqI9a7zVeMEsFSO$O0iFKlbZydWnOpWsHWhYolaCBv1qo9a","email":"cnxfs@qq.com","type":"user","secret":null,"website":null,"affiliation":null,"country":"TW","bracket":null,"hidden":false,"banned":false,"verified":false,"team_id":null,"created":"2020-05-19T15:30:48.844871"},{"id":18,"oauth_id":null,"name":"hj","password":"$bcrypt-sha256$2b,12$84kUQCzZtpm7jsN91Glhfu$I2VzO504lh.FGZtVxSl4Nt1QItUHwa.","email":"17367101933@163.com","type":"user","secret":null,"website":null,"affiliation":null,"country":null,"bracket":null,"hidden":false,"banned":false,"verified":false,"team_id":null,"created":"2020-05-20T00:05:08.802611"},{"id":19,"oauth_id":null,"name":"PPP","password":"$bcrypt-sha256$2b,12$JGTVQp9epKizfxtvQvauUe$Ou60ycWcaDQVHueACpTpeMmZr8BrFIG","email":"1083957884@qq.com","type":"user","secret":null,"website":null,"affiliation":null,"country":null,"bracket":null,"hidden":false,"banned":false,"verified":false,"team_id":null,"created":"2020-05-20T12:23:29.101145"},{"id":20,"oauth_id":null,"name":"countfatcode","password":"$bcrypt-sha256$2b,12$HkyqQbiX1425j8LYq1vbcO$8gpcgZ.ROP/F1OiK6.QXqQgDB08iUCS","email":"3343293665@qq.com","type":"user","secret":null,"website":null,"affiliation":null,"country":null,"bracket":null,"hidden":false,"banned":false,"verified":false,"team_id":null,"created":"2020-05-21T05:35:55.681161"},{"id":21,"oauth_id":null,"name":"7788","password":"$bcrypt-sha256$2b,12$eOzC/HCmprzH8kFtHuA/SO$rJEt2JlpCvgndRH.BJ9Wi7waljlp7a.","email":"1014548882@qq.com","type":"user","secret":null,"website":null,"affiliation":null,"country":null,"bracket":null,"hidden":false,"banned":false,"verified":false,"team_id":null,"created":"2020-05-21T11:18:59.237405"},{"id":22,"oauth_id":null,"name":"1712190522","password":"$bcrypt-sha256$2b,12$bTuV62lHwTFKPkyAeVgYeO$EYE1WhDNpFgKbRlq3qEMOqxhy.gZ0lm","email":"846089495@qq.com","type":"user","secret":null,"website":null,"affiliation":null,"country":null,"bracket":null,"hidden":false,"banned":false,"verified":false,"team_id":null,"created":"2020-05-21T14:00:57.037010"},{"id":23,"oauth_id":null,"name":"ly","password":"$bcrypt-sha256$2b,12$j0l6aXDICOSkwaPr/wo8Pu$9ToJ3uDflyumMpkmps1YY5jAhnzZujW","email":"2198298468@qq.com","type":"user","secret":null,"website":null,"affiliation":null,"country":null,"bracket":null,"hidden":false,"banned":false,"verified":false,"team_id":null,"created":"2020-05-21T14:27:57.525291"},{"id":24,"oauth_id":null,"name":"mmmmm","password":"$bcrypt-sha256$2b,12$Ewt1scuwtBO0GwA1iQH.Me$soC1TbXETg1eqMYv.Z/PfuUdtlonvhC","email":"zjgsulxf@163.com","type":"user","secret":null,"website":null,"affiliation":null,"country":null,"bracket":null,"hidden":false,"banned":false,"verified":false,"team_id":null,"created":"2020-05-21T15:28:23.013913"},{"id":25,"oauth_id":null,"name":"ch","password":"$bcrypt-sha256$2b,12$OJmIg0QyI4V4rmKmyVqacu$L1XwB6YPGMF4BFJFHtHsrxv6ib8ySfy","email":"1346912733@qq.com","type":"user","secret":null,"website":null,"affiliation":null,"country":null,"bracket":null,"hidden":false,"banned":false,"verified":false,"team_id":null,"created":"2020-05-21T15:41:42.338150"},{"id":26,"oauth_id":null,"name":"\u7a0b\u5e8f\u5458\u4e0e\u732b","password":"$bcrypt-sha256$2b,12$hCvgvEaMzXOjjU7OYSC96e$X.RT/L/i01s/eRRtevuj5DObW8Kv/r2","email":"448875211@qq.com","type":"user","secret":null,"website":null,"affiliation":null,"country":null,"bracket":null,"hidden":false,"banned":false,"verified":false,"team_id":null,"created":"2020-05-22T01:49:35.477559"},{"id":27,"oauth_id":null,"name":"Fre5h1nd","password":"$bcrypt-sha256$2b,12$SUOpXmB1T.H6dHa0ZFMQDe$NAKE0NzB3gh9ZcFdTkIw9LibBMJtDrW","email":"985605915@qq.com","type":"user","secret":null,"website":null,"affiliation":null,"country":null,"bracket":null,"hidden":false,"banned":false,"verified":false,"team_id":null,"created":"2020-05-22T06:13:01.291582"},{"id":28,"oauth_id":null,"name":"Alic135","password":"$bcrypt-sha256$2b,12$Xngc0bLqIKJr4WWy81ISDO$XiCo.EKS6CQFd7YQedVADbnvDNprV0K","email":"1609067567@qq.com","type":"user","secret":null,"website":null,"affiliation":null,"country":null,"bracket":null,"hidden":false,"banned":false,"verified":false,"team_id":null,"created":"2020-05-22T09:16:00.793330"},{"id":29,"oauth_id":null,"name":"\u4e0dban\u4e9a\u7d22\u6559\u5199\u5b57","password":"$bcrypt-sha256$2b,12$OG/UzsRUyNtt98/zj7Qc.O$2Ygx66XhEdbJlv9a.4/agJmnMBrHzFe","email":"472386299@qq.com","type":"user","secret":null,"website":null,"affiliation":null,"country":null,"bracket":null,"hidden":false,"banned":false,"verified":false,"team_id":null,"created":"2020-05-22T09:26:05.477485"},{"id":30,"oauth_id":null,"name":"\u897f\u4f2f\u5229\u4e9a\u5927\u677e\u9f20","password":"$bcrypt-sha256$2b,12$siqdIsqg8SXwYRXaY3Gu2.$yyWqG60iTWBjvMrkAKYIm80kxTePBRq","email":"875063510@qq.com","type":"user","secret":null,"website":null,"affiliation":null,"country":null,"bracket":null,"hidden":false,"banned":false,"verified":false,"team_id":null,"created":"2020-05-22T09:34:27.450000"},{"id":31,"oauth_id":null,"name":"LU LU LU","password":"$bcrypt-sha256$2b,12$6q4t.NXeIA1O/sTM40Ljhe$bJOCbbniMcozNfWMyj9DvdfKJq6F6aS","email":"450812407@qq.com","type":"user","secret":null,"website":null,"affiliation":null,"country":null,"bracket":null,"hidden":false,"banned":false,"verified":false,"team_id":null,"created":"2020-05-22T09:38:45.796240"},{"id":32,"oauth_id":null,"name":"kawakaze","password":"$bcrypt-sha256$2b,12$zjp53WBD0lLxW.VJ50PP3e$bpkyNq0LbKNFC76ZzA9WSgRlMr8UKbG","email":"765401071@qq.com","type":"user","secret":null,"website":null,"affiliation":null,"country":null,"bracket":null,"hidden":false,"banned":false,"verified":false,"team_id":null,"created":"2020-05-22T09:56:15.498738"},{"id":33,"oauth_id":null,"name":"sunming","password":"$bcrypt-sha256$2b,12$lHvRx0WCZ7IiwNFPa.tefe$hDKgNgNU8XjsC20C/ahLx3MIFBxXBgy","email":"2854881384@qq.com","type":"user","secret":null,"website":null,"affiliation":null,"country":null,"bracket":null,"hidden":false,"banned":false,"verified":false,"team_id":null,"created":"2020-05-22T10:03:58.836803"},{"id":34,"oauth_id":null,"name":"lzyswd","password":"$bcrypt-sha256$2b,12$VRI733vc0tAruuH6YMN/2e$EU81PBn3sY6WZ6hY/QpbsCiXlAYxcRm","email":"1764083900@qq.com","type":"user","secret":null,"website":null,"affiliation":null,"country":"CH","bracket":null,"hidden":false,"banned":false,"verified":false,"team_id":null,"created":"2020-05-22T12:39:31.135712"},{"id":35,"oauth_id":null,"name":"Maoaoo","password":"$bcrypt-sha256$2b,12$Wkmn0L4m5lFj2P.jD96Anu$.uofiRdB6zriiS3PI0kecC8ij9IY8M.","email":"614556049@qq.com","type":"user","secret":null,"website":null,"affiliation":null,"country":null,"bracket":null,"hidden":false,"banned":false,"verified":false,"team_id":null,"created":"2020-05-22T13:23:14.963728"},{"id":36,"oauth_id":null,"name":"Mr.P","password":"$bcrypt-sha256$2b,12$ZXIKyyOp3ik4BrqUBrO8lu$W3YghIMY38dNBEczX7pu3cO67jala5.","email":"1638564667@qq.com","type":"user","secret":null,"website":null,"affiliation":null,"country":null,"bracket":null,"hidden":false,"banned":false,"verified":false,"team_id":null,"created":"2020-05-22T13:27:23.138981"},{"id":37,"oauth_id":null,"name":"cyelly","password":"$bcrypt-sha256$2b,12$5KKa6QgzJeEg01S25Kp51.$roznE5tWs5FUVwZN3nNk0imYSTuK5Hm","email":"tsomjl@163.com","type":"user","secret":null,"website":null,"affiliation":null,"country":null,"bracket":null,"hidden":false,"banned":false,"verified":false,"team_id":null,"created":"2020-05-22T13:41:43.489209"},{"id":38,"oauth_id":null,"name":"mjq","password":"$bcrypt-sha256$2b,12$fJqC9/eggYx.Edk.ZsEqce$5Ht.9DfXwsarYCgLIopZ3VDUYuAA/p6","email":"1234@qq.com","type":"user","secret":null,"website":null,"affiliation":null,"country":null,"bracket":null,"hidden":false,"banned":false,"verified":false,"team_id":null,"created":"2020-05-22T14:03:33.131806"},{"id":39,"oauth_id":null,"name":"peipei","password":"$bcrypt-sha256$2b,12$ov6kIRFa3Dvz7QWPpLYzle$dTcqV/2KEag7sFdgaRLgusV/APhsIxW","email":"18916336541@139.com","type":"user","secret":null,"website":null,"affiliation":null,"country":null,"bracket":null,"hidden":false,"banned":false,"verified":false,"team_id":null,"created":"2020-05-22T15:06:47.730449"},{"id":40,"oauth_id":null,"name":"CC","password":"$bcrypt-sha256$2b,12$lDL27HX4t/WZJLn3ttvFv.$u87fCxG/IJpisyj96sxIr/8A1ACcTAi","email":"1029381113@qq.com","type":"user","secret":null,"website":null,"affiliation":null,"country":null,"bracket":null,"hidden":false,"banned":false,"verified":false,"team_id":null,"created":"2020-05-22T15:19:35.500241"},{"id":41,"oauth_id":null,"name":"Nannan","password":"$bcrypt-sha256$2b,12$0cF7cNQ.5P8aktQUSOZmhe$cdhgNooTyj3tSmlpLnTkzP6wMk80P42","email":"614060948@qq.com","type":"user","secret":null,"website":null,"affiliation":null,"country":null,"bracket":null,"hidden":false,"banned":false,"verified":false,"team_id":null,"created":"2020-05-22T15:21:19.731454"},{"id":42,"oauth_id":null,"name":"hmb","password":"$bcrypt-sha256$2b,12$fEUu4tvxY3a.t2Z1Yoqd0u$kSce/B9ItiWAJCWXYRGBFIoRg5cvhR2","email":"595829236@qq.com","type":"user","secret":null,"website":null,"affiliation":null,"country":null,"bracket":null,"hidden":false,"banned":false,"verified":false,"team_id":null,"created":"2020-05-22T15:49:02.477000"},{"id":43,"oauth_id":null,"name":"llx0115","password":"$bcrypt-sha256$2b,12$uUgvHqiesOtV6RUu8aj06.$FP7ajGlAuLfKE6Ny3STbcBWx8w0YFk6","email":"1170974088@qq.com","type":"user","secret":null,"website":null,"affiliation":null,"country":null,"bracket":null,"hidden":false,"banned":false,"verified":false,"team_id":null,"created":"2020-05-22T15:55:56.051954"},{"id":44,"oauth_id":null,"name":"Thea","password":"$bcrypt-sha256$2b,12$KfgG7mYdN81YWTeHRCAnJO$jYZJwQSv0v2Z7.PxTLJM6TTy78pqCbu","email":"604094752@qq.com","type":"user","secret":null,"website":null,"affiliation":null,"country":null,"bracket":null,"hidden":false,"banned":false,"verified":false,"team_id":null,"created":"2020-05-23T01:48:15.765649"},{"id":45,"oauth_id":null,"name":"Handsome Wu","password":"$bcrypt-sha256$2b,12$pvz2oaxp9rvWdXdT/QRWve$nIgcSmrAxBFf0vr0wl97UI/u61nh9RK","email":"562390063@qq.com","type":"user","secret":null,"website":null,"affiliation":null,"country":null,"bracket":null,"hidden":false,"banned":false,"verified":false,"team_id":null,"created":"2020-05-23T04:51:22.099401"},{"id":46,"oauth_id":null,"name":"lunaxxxx","password":"$bcrypt-sha256$2b,12$o4qCVX3cUmOs0.De27N9T.$8wa08u/Ic2VnzS5Krkfu/FrFOM6KZy2","email":"29541317@qq.com","type":"user","secret":null,"website":null,"affiliation":null,"country":null,"bracket":null,"hidden":false,"banned":false,"verified":false,"team_id":null,"created":"2020-05-23T14:06:55.616110"},{"id":47,"oauth_id":null,"name":"wzh","password":"$bcrypt-sha256$2b,12$CzOZOmNExyEiAd..a4wBpe$rqeC2JgbSkpz5LBCaoUp3o41y8O6x0O","email":"570776384@qq.com","type":"user","secret":null,"website":null,"affiliation":null,"country":null,"bracket":null,"hidden":false,"banned":false,"verified":false,"team_id":null,"created":"2020-05-23T15:41:27.712160"},{"id":48,"oauth_id":null,"name":"\u9ec4\u6069\u6021","password":"$bcrypt-sha256$2b,12$Jh3ojhaIYxJnEcULRSuLre$wv2ujvpbB1CgGpFii5SEqs/6cvHbfCm","email":"2464774848@qq.com","type":"user","secret":null,"website":null,"affiliation":null,"country":null,"bracket":null,"hidden":false,"banned":false,"verified":false,"team_id":null,"created":"2020-05-24T07:51:07.098473"}],"meta":{}}